island,dataset,measure,resolution_m,year,built_km2,island_km2,note,share_of_island_pct
El Hierro,WSF Evolution,extent,30,1985,1.879,268.1,baseline year,0.7
El Hierro,WSF Evolution,extent,30,1986,1.879,268.1,,0.7
El Hierro,WSF Evolution,extent,30,1987,1.879,268.1,,0.7
El Hierro,WSF Evolution,extent,30,1988,1.879,268.1,,0.7
El Hierro,WSF Evolution,extent,30,1989,1.879,268.1,,0.7
El Hierro,WSF Evolution,extent,30,1990,1.879,268.1,,0.7
El Hierro,WSF Evolution,extent,30,1991,1.879,268.1,,0.7
El Hierro,WSF Evolution,extent,30,1992,1.879,268.1,,0.7
El Hierro,WSF Evolution,extent,30,1993,1.879,268.1,,0.7
El Hierro,WSF Evolution,extent,30,1994,1.879,268.1,,0.7
El Hierro,WSF Evolution,extent,30,1995,1.879,268.1,,0.7
El Hierro,WSF Evolution,extent,30,1996,1.879,268.1,,0.7
El Hierro,WSF Evolution,extent,30,1997,1.879,268.1,,0.7
El Hierro,WSF Evolution,extent,30,1998,1.879,268.1,,0.7
El Hierro,WSF Evolution,extent,30,1999,1.879,268.1,,0.7
El Hierro,WSF Evolution,extent,30,2000,1.879,268.1,,0.7
El Hierro,WSF Evolution,extent,30,2001,1.884,268.1,,0.7
El Hierro,WSF Evolution,extent,30,2002,1.917,268.1,,0.72
El Hierro,WSF Evolution,extent,30,2003,1.944,268.1,,0.73
El Hierro,WSF Evolution,extent,30,2004,1.958,268.1,,0.73
El Hierro,WSF Evolution,extent,30,2005,1.967,268.1,,0.73
El Hierro,WSF Evolution,extent,30,2006,1.97,268.1,,0.73
El Hierro,WSF Evolution,extent,30,2007,1.981,268.1,,0.74
El Hierro,WSF Evolution,extent,30,2008,2.001,268.1,,0.75
El Hierro,WSF Evolution,extent,30,2009,2.023,268.1,,0.75
El Hierro,WSF Evolution,extent,30,2010,2.089,268.1,,0.78
El Hierro,WSF Evolution,extent,30,2011,2.167,268.1,,0.81
El Hierro,WSF Evolution,extent,30,2012,2.217,268.1,,0.83
El Hierro,WSF Evolution,extent,30,2013,2.267,268.1,,0.85
El Hierro,WSF Evolution,extent,30,2014,2.318,268.1,,0.86
El Hierro,WSF Evolution,extent,30,2015,2.367,268.1,,0.88
El Hierro,WSF 2015,extent,10,2015,1.397,268.1,,0.52
El Hierro,WSF 2019,extent,10,2019,2.526,268.1,,0.94
El Hierro,GHSL built surface,surface,92,1975,0.862,268.2,observed,0.32
El Hierro,GHSL built surface,surface,92,1980,1.035,268.2,interpolated,0.39
El Hierro,GHSL built surface,surface,92,1985,1.215,268.2,interpolated,0.45
El Hierro,GHSL built surface,surface,92,1990,1.403,268.2,observed,0.52
El Hierro,GHSL built surface,surface,92,1995,1.45,268.2,interpolated,0.54
El Hierro,GHSL built surface,surface,92,2000,1.496,268.2,observed,0.56
El Hierro,GHSL built surface,surface,92,2005,1.523,268.2,interpolated,0.57
El Hierro,GHSL built surface,surface,92,2010,1.55,268.2,interpolated,0.58
El Hierro,GHSL built surface,surface,92,2015,1.581,268.2,near-observed,0.59
El Hierro,GHSL built surface,surface,92,2020,1.622,268.2,near-observed,0.6
La Palma,WSF Evolution,extent,30,1985,15.563,708.5,baseline year,2.2
La Palma,WSF Evolution,extent,30,1986,15.563,708.5,,2.2
La Palma,WSF Evolution,extent,30,1987,15.563,708.5,,2.2
La Palma,WSF Evolution,extent,30,1988,15.563,708.5,,2.2
La Palma,WSF Evolution,extent,30,1989,15.563,708.5,,2.2
La Palma,WSF Evolution,extent,30,1990,15.563,708.5,,2.2
La Palma,WSF Evolution,extent,30,1991,15.563,708.5,,2.2
La Palma,WSF Evolution,extent,30,1992,15.563,708.5,,2.2
La Palma,WSF Evolution,extent,30,1993,15.563,708.5,,2.2
La Palma,WSF Evolution,extent,30,1994,15.563,708.5,,2.2
La Palma,WSF Evolution,extent,30,1995,15.563,708.5,,2.2
La Palma,WSF Evolution,extent,30,1996,15.563,708.5,,2.2
La Palma,WSF Evolution,extent,30,1997,15.563,708.5,,2.2
La Palma,WSF Evolution,extent,30,1998,15.563,708.5,,2.2
La Palma,WSF Evolution,extent,30,1999,15.563,708.5,,2.2
La Palma,WSF Evolution,extent,30,2000,15.587,708.5,,2.2
La Palma,WSF Evolution,extent,30,2001,15.652,708.5,,2.21
La Palma,WSF Evolution,extent,30,2002,15.847,708.5,,2.24
La Palma,WSF Evolution,extent,30,2003,16.015,708.5,,2.26
La Palma,WSF Evolution,extent,30,2004,16.139,708.5,,2.28
La Palma,WSF Evolution,extent,30,2005,16.416,708.5,,2.32
La Palma,WSF Evolution,extent,30,2006,16.488,708.5,,2.33
La Palma,WSF Evolution,extent,30,2007,16.803,708.5,,2.37
La Palma,WSF Evolution,extent,30,2008,16.875,708.5,,2.38
La Palma,WSF Evolution,extent,30,2009,16.938,708.5,,2.39
La Palma,WSF Evolution,extent,30,2010,17.195,708.5,,2.43
La Palma,WSF Evolution,extent,30,2011,17.333,708.5,,2.45
La Palma,WSF Evolution,extent,30,2012,17.521,708.5,,2.47
La Palma,WSF Evolution,extent,30,2013,17.868,708.5,,2.52
La Palma,WSF Evolution,extent,30,2014,18.08,708.5,,2.55
La Palma,WSF Evolution,extent,30,2015,18.211,708.5,,2.57
La Palma,WSF 2015,extent,10,2015,7.375,708.5,,1.04
La Palma,WSF 2019,extent,10,2019,11.656,708.5,,1.65
La Palma,GHSL built surface,surface,92,1975,5.368,708.5,observed,0.76
La Palma,GHSL built surface,surface,92,1980,6.201,708.5,interpolated,0.88
La Palma,GHSL built surface,surface,92,1985,7.068,708.5,interpolated,1.0
La Palma,GHSL built surface,surface,92,1990,7.972,708.5,observed,1.13
La Palma,GHSL built surface,surface,92,1995,8.271,708.5,interpolated,1.17
La Palma,GHSL built surface,surface,92,2000,8.568,708.5,observed,1.21
La Palma,GHSL built surface,surface,92,2005,8.758,708.5,interpolated,1.24
La Palma,GHSL built surface,surface,92,2010,8.95,708.5,interpolated,1.26
La Palma,GHSL built surface,surface,92,2015,9.142,708.5,near-observed,1.29
La Palma,GHSL built surface,surface,92,2020,9.331,708.5,near-observed,1.32
La Gomera,WSF Evolution,extent,30,1985,1.485,368.6,baseline year,0.4
La Gomera,WSF Evolution,extent,30,1986,1.485,368.6,,0.4
La Gomera,WSF Evolution,extent,30,1987,1.485,368.6,,0.4
La Gomera,WSF Evolution,extent,30,1988,1.485,368.6,,0.4
La Gomera,WSF Evolution,extent,30,1989,1.485,368.6,,0.4
La Gomera,WSF Evolution,extent,30,1990,1.499,368.6,,0.41
La Gomera,WSF Evolution,extent,30,1991,1.525,368.6,,0.41
La Gomera,WSF Evolution,extent,30,1992,1.527,368.6,,0.41
La Gomera,WSF Evolution,extent,30,1993,1.53,368.6,,0.42
La Gomera,WSF Evolution,extent,30,1994,1.531,368.6,,0.42
La Gomera,WSF Evolution,extent,30,1995,1.541,368.6,,0.42
La Gomera,WSF Evolution,extent,30,1996,1.547,368.6,,0.42
La Gomera,WSF Evolution,extent,30,1997,1.556,368.6,,0.42
La Gomera,WSF Evolution,extent,30,1998,1.569,368.6,,0.43
La Gomera,WSF Evolution,extent,30,1999,1.57,368.6,,0.43
La Gomera,WSF Evolution,extent,30,2000,1.58,368.6,,0.43
La Gomera,WSF Evolution,extent,30,2001,1.595,368.6,,0.43
La Gomera,WSF Evolution,extent,30,2002,1.599,368.6,,0.43
La Gomera,WSF Evolution,extent,30,2003,1.608,368.6,,0.44
La Gomera,WSF Evolution,extent,30,2004,1.622,368.6,,0.44
La Gomera,WSF Evolution,extent,30,2005,1.697,368.6,,0.46
La Gomera,WSF Evolution,extent,30,2006,1.707,368.6,,0.46
La Gomera,WSF Evolution,extent,30,2007,1.718,368.6,,0.47
La Gomera,WSF Evolution,extent,30,2008,1.723,368.6,,0.47
La Gomera,WSF Evolution,extent,30,2009,1.729,368.6,,0.47
La Gomera,WSF Evolution,extent,30,2010,1.736,368.6,,0.47
La Gomera,WSF Evolution,extent,30,2011,1.739,368.6,,0.47
La Gomera,WSF Evolution,extent,30,2012,1.742,368.6,,0.47
La Gomera,WSF Evolution,extent,30,2013,1.749,368.6,,0.47
La Gomera,WSF Evolution,extent,30,2014,1.754,368.6,,0.48
La Gomera,WSF Evolution,extent,30,2015,1.762,368.6,,0.48
La Gomera,WSF 2015,extent,10,2015,1.989,368.6,,0.54
La Gomera,WSF 2019,extent,10,2019,2.947,368.6,,0.8
La Gomera,GHSL built surface,surface,92,1975,1.103,368.5,observed,0.3
La Gomera,GHSL built surface,surface,92,1980,1.357,368.5,interpolated,0.37
La Gomera,GHSL built surface,surface,92,1985,1.626,368.5,interpolated,0.44
La Gomera,GHSL built surface,surface,92,1990,1.911,368.5,observed,0.52
La Gomera,GHSL built surface,surface,92,1995,1.966,368.5,interpolated,0.53
La Gomera,GHSL built surface,surface,92,2000,2.023,368.5,observed,0.55
La Gomera,GHSL built surface,surface,92,2005,2.078,368.5,interpolated,0.56
La Gomera,GHSL built surface,surface,92,2010,2.135,368.5,interpolated,0.58
La Gomera,GHSL built surface,surface,92,2015,2.192,368.5,near-observed,0.59
La Gomera,GHSL built surface,surface,92,2020,2.251,368.5,near-observed,0.61
Tenerife,WSF Evolution,extent,30,1985,115.624,2038.9,baseline year,5.67
Tenerife,WSF Evolution,extent,30,1986,115.624,2038.9,,5.67
Tenerife,WSF Evolution,extent,30,1987,115.624,2038.9,,5.67
Tenerife,WSF Evolution,extent,30,1988,115.624,2038.9,,5.67
Tenerife,WSF Evolution,extent,30,1989,115.626,2038.9,,5.67
Tenerife,WSF Evolution,extent,30,1990,116.794,2038.9,,5.73
Tenerife,WSF Evolution,extent,30,1991,118.173,2038.9,,5.8
Tenerife,WSF Evolution,extent,30,1992,118.31,2038.9,,5.8
Tenerife,WSF Evolution,extent,30,1993,118.387,2038.9,,5.81
Tenerife,WSF Evolution,extent,30,1994,118.714,2038.9,,5.82
Tenerife,WSF Evolution,extent,30,1995,119.739,2038.9,,5.87
Tenerife,WSF Evolution,extent,30,1996,120.164,2038.9,,5.89
Tenerife,WSF Evolution,extent,30,1997,120.358,2038.9,,5.9
Tenerife,WSF Evolution,extent,30,1998,120.715,2038.9,,5.92
Tenerife,WSF Evolution,extent,30,1999,120.877,2038.9,,5.93
Tenerife,WSF Evolution,extent,30,2000,122.088,2038.9,,5.99
Tenerife,WSF Evolution,extent,30,2001,122.384,2038.9,,6.0
Tenerife,WSF Evolution,extent,30,2002,123.143,2038.9,,6.04
Tenerife,WSF Evolution,extent,30,2003,123.728,2038.9,,6.07
Tenerife,WSF Evolution,extent,30,2004,124.124,2038.9,,6.09
Tenerife,WSF Evolution,extent,30,2005,124.846,2038.9,,6.12
Tenerife,WSF Evolution,extent,30,2006,125.119,2038.9,,6.14
Tenerife,WSF Evolution,extent,30,2007,125.439,2038.9,,6.15
Tenerife,WSF Evolution,extent,30,2008,125.588,2038.9,,6.16
Tenerife,WSF Evolution,extent,30,2009,126.091,2038.9,,6.18
Tenerife,WSF Evolution,extent,30,2010,126.478,2038.9,,6.2
Tenerife,WSF Evolution,extent,30,2011,126.919,2038.9,,6.22
Tenerife,WSF Evolution,extent,30,2012,127.361,2038.9,,6.25
Tenerife,WSF Evolution,extent,30,2013,127.99,2038.9,,6.28
Tenerife,WSF Evolution,extent,30,2014,128.324,2038.9,,6.29
Tenerife,WSF Evolution,extent,30,2015,128.643,2038.9,,6.31
Tenerife,WSF 2015,extent,10,2015,60.881,2038.9,,2.99
Tenerife,WSF 2019,extent,10,2019,79.408,2038.9,,3.89
Tenerife,GHSL built surface,surface,92,1975,40.01,2038.6,observed,1.96
Tenerife,GHSL built surface,surface,92,1980,43.519,2038.6,interpolated,2.13
Tenerife,GHSL built surface,surface,92,1985,47.209,2038.6,interpolated,2.32
Tenerife,GHSL built surface,surface,92,1990,51.116,2038.6,observed,2.51
Tenerife,GHSL built surface,surface,92,1995,53.134,2038.6,interpolated,2.61
Tenerife,GHSL built surface,surface,92,2000,55.193,2038.6,observed,2.71
Tenerife,GHSL built surface,surface,92,2005,55.951,2038.6,interpolated,2.74
Tenerife,GHSL built surface,surface,92,2010,56.725,2038.6,interpolated,2.78
Tenerife,GHSL built surface,surface,92,2015,57.507,2038.6,near-observed,2.82
Tenerife,GHSL built surface,surface,92,2020,58.289,2038.6,near-observed,2.86
Gran Canaria,WSF Evolution,extent,30,1985,109.66,1566.1,baseline year,7.0
Gran Canaria,WSF Evolution,extent,30,1986,109.666,1566.1,,7.0
Gran Canaria,WSF Evolution,extent,30,1987,109.871,1566.1,,7.02
Gran Canaria,WSF Evolution,extent,30,1988,109.948,1566.1,,7.02
Gran Canaria,WSF Evolution,extent,30,1989,111.292,1566.1,,7.11
Gran Canaria,WSF Evolution,extent,30,1990,112.662,1566.1,,7.19
Gran Canaria,WSF Evolution,extent,30,1991,113.825,1566.1,,7.27
Gran Canaria,WSF Evolution,extent,30,1992,113.944,1566.1,,7.28
Gran Canaria,WSF Evolution,extent,30,1993,114.083,1566.1,,7.28
Gran Canaria,WSF Evolution,extent,30,1994,114.329,1566.1,,7.3
Gran Canaria,WSF Evolution,extent,30,1995,115.047,1566.1,,7.35
Gran Canaria,WSF Evolution,extent,30,1996,115.435,1566.1,,7.37
Gran Canaria,WSF Evolution,extent,30,1997,115.529,1566.1,,7.38
Gran Canaria,WSF Evolution,extent,30,1998,115.94,1566.1,,7.4
Gran Canaria,WSF Evolution,extent,30,1999,116.02,1566.1,,7.41
Gran Canaria,WSF Evolution,extent,30,2000,116.539,1566.1,,7.44
Gran Canaria,WSF Evolution,extent,30,2001,116.727,1566.1,,7.45
Gran Canaria,WSF Evolution,extent,30,2002,117.287,1566.1,,7.49
Gran Canaria,WSF Evolution,extent,30,2003,117.887,1566.1,,7.53
Gran Canaria,WSF Evolution,extent,30,2004,118.378,1566.1,,7.56
Gran Canaria,WSF Evolution,extent,30,2005,119.502,1566.1,,7.63
Gran Canaria,WSF Evolution,extent,30,2006,120.198,1566.1,,7.67
Gran Canaria,WSF Evolution,extent,30,2007,120.773,1566.1,,7.71
Gran Canaria,WSF Evolution,extent,30,2008,121.115,1566.1,,7.73
Gran Canaria,WSF Evolution,extent,30,2009,121.794,1566.1,,7.78
Gran Canaria,WSF Evolution,extent,30,2010,122.131,1566.1,,7.8
Gran Canaria,WSF Evolution,extent,30,2011,122.474,1566.1,,7.82
Gran Canaria,WSF Evolution,extent,30,2012,122.944,1566.1,,7.85
Gran Canaria,WSF Evolution,extent,30,2013,123.886,1566.1,,7.91
Gran Canaria,WSF Evolution,extent,30,2014,124.867,1566.1,,7.97
Gran Canaria,WSF Evolution,extent,30,2015,125.518,1566.1,,8.01
Gran Canaria,WSF 2015,extent,10,2015,53.346,1566.1,,3.41
Gran Canaria,WSF 2019,extent,10,2019,83.242,1566.1,,5.32
Gran Canaria,GHSL built surface,surface,92,1975,21.362,1566.2,observed,1.36
Gran Canaria,GHSL built surface,surface,92,1980,23.324,1566.2,interpolated,1.49
Gran Canaria,GHSL built surface,surface,92,1985,25.381,1566.2,interpolated,1.62
Gran Canaria,GHSL built surface,surface,92,1990,27.526,1566.2,observed,1.76
Gran Canaria,GHSL built surface,surface,92,1995,29.138,1566.2,interpolated,1.86
Gran Canaria,GHSL built surface,surface,92,2000,30.847,1566.2,observed,1.97
Gran Canaria,GHSL built surface,surface,92,2005,34.677,1566.2,interpolated,2.21
Gran Canaria,GHSL built surface,surface,92,2010,38.811,1566.2,interpolated,2.48
Gran Canaria,GHSL built surface,surface,92,2015,43.343,1566.2,near-observed,2.77
Gran Canaria,GHSL built surface,surface,92,2020,49.048,1566.2,near-observed,3.13
Fuerteventura,WSF Evolution,extent,30,1985,7.592,1663.0,baseline year,0.46
Fuerteventura,WSF Evolution,extent,30,1986,7.619,1663.0,,0.46
Fuerteventura,WSF Evolution,extent,30,1987,7.699,1663.0,,0.46
Fuerteventura,WSF Evolution,extent,30,1988,8.11,1663.0,,0.49
Fuerteventura,WSF Evolution,extent,30,1989,8.285,1663.0,,0.5
Fuerteventura,WSF Evolution,extent,30,1990,8.409,1663.0,,0.51
Fuerteventura,WSF Evolution,extent,30,1991,8.49,1663.0,,0.51
Fuerteventura,WSF Evolution,extent,30,1992,8.644,1663.0,,0.52
Fuerteventura,WSF Evolution,extent,30,1993,8.668,1663.0,,0.52
Fuerteventura,WSF Evolution,extent,30,1994,17.857,1663.0,,1.07
Fuerteventura,WSF Evolution,extent,30,1995,19.805,1663.0,,1.19
Fuerteventura,WSF Evolution,extent,30,1996,21.847,1663.0,,1.31
Fuerteventura,WSF Evolution,extent,30,1997,22.212,1663.0,,1.34
Fuerteventura,WSF Evolution,extent,30,1998,25.21,1663.0,,1.52
Fuerteventura,WSF Evolution,extent,30,1999,27.699,1663.0,,1.67
Fuerteventura,WSF Evolution,extent,30,2000,37.987,1663.0,,2.28
Fuerteventura,WSF Evolution,extent,30,2001,38.643,1663.0,,2.32
Fuerteventura,WSF Evolution,extent,30,2002,40.231,1663.0,,2.42
Fuerteventura,WSF Evolution,extent,30,2003,40.378,1663.0,,2.43
Fuerteventura,WSF Evolution,extent,30,2004,40.625,1663.0,,2.44
Fuerteventura,WSF Evolution,extent,30,2005,40.844,1663.0,,2.46
Fuerteventura,WSF Evolution,extent,30,2006,41.279,1663.0,,2.48
Fuerteventura,WSF Evolution,extent,30,2007,41.425,1663.0,,2.49
Fuerteventura,WSF Evolution,extent,30,2008,41.467,1663.0,,2.49
Fuerteventura,WSF Evolution,extent,30,2009,41.538,1663.0,,2.5
Fuerteventura,WSF Evolution,extent,30,2010,41.589,1663.0,,2.5
Fuerteventura,WSF Evolution,extent,30,2011,41.625,1663.0,,2.5
Fuerteventura,WSF Evolution,extent,30,2012,41.762,1663.0,,2.51
Fuerteventura,WSF Evolution,extent,30,2013,41.885,1663.0,,2.52
Fuerteventura,WSF Evolution,extent,30,2014,41.95,1663.0,,2.52
Fuerteventura,WSF Evolution,extent,30,2015,42.074,1663.0,,2.53
Fuerteventura,WSF 2015,extent,10,2015,18.043,1663.1,,1.08
Fuerteventura,WSF 2019,extent,10,2019,23.347,1663.1,,1.4
Fuerteventura,GHSL built surface,surface,92,1975,3.326,1663.2,observed,0.2
Fuerteventura,GHSL built surface,surface,92,1980,3.888,1663.2,interpolated,0.23
Fuerteventura,GHSL built surface,surface,92,1985,4.486,1663.2,interpolated,0.27
Fuerteventura,GHSL built surface,surface,92,1990,5.114,1663.2,observed,0.31
Fuerteventura,GHSL built surface,surface,92,1995,7.138,1663.2,interpolated,0.43
Fuerteventura,GHSL built surface,surface,92,2000,9.584,1663.2,observed,0.58
Fuerteventura,GHSL built surface,surface,92,2005,10.783,1663.2,interpolated,0.65
Fuerteventura,GHSL built surface,surface,92,2010,12.06,1663.2,interpolated,0.73
Fuerteventura,GHSL built surface,surface,92,2015,13.386,1663.2,near-observed,0.8
Fuerteventura,GHSL built surface,surface,92,2020,14.776,1663.2,near-observed,0.89
Lanzarote,WSF Evolution,extent,30,1985,18.502,808.9,baseline year,2.29
Lanzarote,WSF Evolution,extent,30,1986,18.528,808.9,,2.29
Lanzarote,WSF Evolution,extent,30,1987,18.697,808.9,,2.31
Lanzarote,WSF Evolution,extent,30,1988,19.585,808.9,,2.42
Lanzarote,WSF Evolution,extent,30,1989,19.917,808.9,,2.46
Lanzarote,WSF Evolution,extent,30,1990,20.436,808.9,,2.53
Lanzarote,WSF Evolution,extent,30,1991,20.617,808.9,,2.55
Lanzarote,WSF Evolution,extent,30,1992,20.841,808.9,,2.58
Lanzarote,WSF Evolution,extent,30,1993,20.869,808.9,,2.58
Lanzarote,WSF Evolution,extent,30,1994,35.957,808.9,,4.45
Lanzarote,WSF Evolution,extent,30,1995,37.733,808.9,,4.66
Lanzarote,WSF Evolution,extent,30,1996,38.776,808.9,,4.79
Lanzarote,WSF Evolution,extent,30,1997,39.115,808.9,,4.84
Lanzarote,WSF Evolution,extent,30,1998,42.493,808.9,,5.25
Lanzarote,WSF Evolution,extent,30,1999,44.537,808.9,,5.51
Lanzarote,WSF Evolution,extent,30,2000,53.345,808.9,,6.59
Lanzarote,WSF Evolution,extent,30,2001,54.486,808.9,,6.74
Lanzarote,WSF Evolution,extent,30,2002,55.323,808.9,,6.84
Lanzarote,WSF Evolution,extent,30,2003,55.545,808.9,,6.87
Lanzarote,WSF Evolution,extent,30,2004,55.935,808.9,,6.91
Lanzarote,WSF Evolution,extent,30,2005,56.172,808.9,,6.94
Lanzarote,WSF Evolution,extent,30,2006,56.435,808.9,,6.98
Lanzarote,WSF Evolution,extent,30,2007,56.579,808.9,,6.99
Lanzarote,WSF Evolution,extent,30,2008,56.67,808.9,,7.01
Lanzarote,WSF Evolution,extent,30,2009,56.75,808.9,,7.02
Lanzarote,WSF Evolution,extent,30,2010,56.843,808.9,,7.03
Lanzarote,WSF Evolution,extent,30,2011,56.939,808.9,,7.04
Lanzarote,WSF Evolution,extent,30,2012,57.025,808.9,,7.05
Lanzarote,WSF Evolution,extent,30,2013,57.515,808.9,,7.11
Lanzarote,WSF Evolution,extent,30,2014,57.64,808.9,,7.13
Lanzarote,WSF Evolution,extent,30,2015,57.919,808.9,,7.16
Lanzarote,WSF 2015,extent,10,2015,22.609,808.9,,2.8
Lanzarote,WSF 2019,extent,10,2019,27.12,808.9,,3.35
Lanzarote,GHSL built surface,surface,92,1975,4.024,808.8,observed,0.5
Lanzarote,GHSL built surface,surface,92,1980,4.39,808.8,interpolated,0.54
Lanzarote,GHSL built surface,surface,92,1985,4.771,808.8,interpolated,0.59
Lanzarote,GHSL built surface,surface,92,1990,5.165,808.8,observed,0.64
Lanzarote,GHSL built surface,surface,92,1995,7.512,808.8,interpolated,0.93
Lanzarote,GHSL built surface,surface,92,2000,10.203,808.8,observed,1.26
Lanzarote,GHSL built surface,surface,92,2005,11.711,808.8,interpolated,1.45
Lanzarote,GHSL built surface,surface,92,2010,13.311,808.8,interpolated,1.65
Lanzarote,GHSL built surface,surface,92,2015,15.091,808.8,near-observed,1.87
Lanzarote,GHSL built surface,surface,92,2020,17.465,808.8,near-observed,2.16
La Graciosa,WSF Evolution,extent,30,1985,0.05,26.9,baseline year,0.19
La Graciosa,WSF Evolution,extent,30,1986,0.05,26.9,,0.19
La Graciosa,WSF Evolution,extent,30,1987,0.05,26.9,,0.19
La Graciosa,WSF Evolution,extent,30,1988,0.05,26.9,,0.19
La Graciosa,WSF Evolution,extent,30,1989,0.05,26.9,,0.19
La Graciosa,WSF Evolution,extent,30,1990,0.05,26.9,,0.19
La Graciosa,WSF Evolution,extent,30,1991,0.051,26.9,,0.19
La Graciosa,WSF Evolution,extent,30,1992,0.053,26.9,,0.2
La Graciosa,WSF Evolution,extent,30,1993,0.053,26.9,,0.2
La Graciosa,WSF Evolution,extent,30,1994,0.082,26.9,,0.3
La Graciosa,WSF Evolution,extent,30,1995,0.085,26.9,,0.32
La Graciosa,WSF Evolution,extent,30,1996,0.092,26.9,,0.34
La Graciosa,WSF Evolution,extent,30,1997,0.093,26.9,,0.35
La Graciosa,WSF Evolution,extent,30,1998,0.1,26.9,,0.37
La Graciosa,WSF Evolution,extent,30,1999,0.103,26.9,,0.38
La Graciosa,WSF Evolution,extent,30,2000,0.224,26.9,,0.83
La Graciosa,WSF Evolution,extent,30,2001,0.28,26.9,,1.04
La Graciosa,WSF Evolution,extent,30,2002,0.325,26.9,,1.21
La Graciosa,WSF Evolution,extent,30,2003,0.327,26.9,,1.22
La Graciosa,WSF Evolution,extent,30,2004,0.329,26.9,,1.22
La Graciosa,WSF Evolution,extent,30,2005,0.331,26.9,,1.23
La Graciosa,WSF Evolution,extent,30,2006,0.335,26.9,,1.25
La Graciosa,WSF Evolution,extent,30,2007,0.339,26.9,,1.26
La Graciosa,WSF Evolution,extent,30,2008,0.339,26.9,,1.26
La Graciosa,WSF Evolution,extent,30,2009,0.339,26.9,,1.26
La Graciosa,WSF Evolution,extent,30,2010,0.343,26.9,,1.28
La Graciosa,WSF Evolution,extent,30,2011,0.348,26.9,,1.29
La Graciosa,WSF Evolution,extent,30,2012,0.348,26.9,,1.29
La Graciosa,WSF Evolution,extent,30,2013,0.356,26.9,,1.32
La Graciosa,WSF Evolution,extent,30,2014,0.358,26.9,,1.33
La Graciosa,WSF Evolution,extent,30,2015,0.36,26.9,,1.34
La Graciosa,WSF 2015,extent,10,2015,0.143,26.9,,0.53
La Graciosa,WSF 2019,extent,10,2019,0.176,26.9,,0.65
La Graciosa,GHSL built surface,surface,92,1975,0.015,27.0,observed,0.06
La Graciosa,GHSL built surface,surface,92,1980,0.017,27.0,interpolated,0.06
La Graciosa,GHSL built surface,surface,92,1985,0.018,27.0,interpolated,0.07
La Graciosa,GHSL built surface,surface,92,1990,0.02,27.0,observed,0.07
La Graciosa,GHSL built surface,surface,92,1995,0.032,27.0,interpolated,0.12
La Graciosa,GHSL built surface,surface,92,2000,0.046,27.0,observed,0.17
La Graciosa,GHSL built surface,surface,92,2005,0.056,27.0,interpolated,0.21
La Graciosa,GHSL built surface,surface,92,2010,0.067,27.0,interpolated,0.25
La Graciosa,GHSL built surface,surface,92,2015,0.077,27.0,near-observed,0.29
La Graciosa,GHSL built surface,surface,92,2020,0.084,27.0,near-observed,0.31
